slot,demand_count
0,1.000000
1,23.000000
2,6.000000
3,14.000000
4,2.000000
5,10.000000
6,12.000000
7,20.000000
8,7.000000
9,14.000000
10,18.000000
11,14.000000
12,16.000000
13,7.000000
14,3.000000
15,11.000000
16,3.000000
17,14.000000
18,4.000000
19,19.000000
20,10.000000
21,17.000000
22,8.000000
23,8.000000
